time,amplitude,log_abs_amplitude
0,0.05000000000000002,-2.99573227355399
1,0.04991974544453661,-2.997338654202063
2,0.04983961970494673,-2.998945034850134
3,0.04975962257446903,-3.000551415498205
4,0.04967975384667423,-3.002157796146277
5,0.04960001331546435,-3.003764176794349
6,0.0495204007750721,-3.005370557442421
7,0.04944091602006068,-3.006976938090493
8,0.04936155884532284,-3.008583318738564
9,0.0492823290460806,-3.010189699386637
10,0.04920322641788475,-3.011796080034708
11,0.04912425075661409,-3.01340246068278
12,0.04904540185847518,-3.015008841330853
13,0.04896667952000172,-3.016615221978924
14,0.04888808353805383,-3.018221602626995
15,0.04880961370981773,-3.019827983275067
16,0.04873126983280531,-3.021434363923139
17,0.04865305170485337,-3.023040744571211
18,0.04857495912412315,-3.024647125219283
19,0.04849699188910001,-3.026253505867354
20,0.04841914979859258,-3.027859886515426
21,0.04834143265173256,-3.029466267163498
22,0.04826384024797402,-3.031072647811569
23,0.0481863723870928,-3.032679028459643
24,0.04810902886918648,-3.034285409107713
25,0.04803180949467301,-3.035891789755786
26,0.04795471406429106,-3.037498170403858
27,0.04787774237909902,-3.039104551051929
28,0.04780089424047446,-3.040710931700002
29,0.04772416945011405,-3.042317312348073
30,0.04764756781003252,-3.043923692996144
31,0.0475710891225624,-3.045530073644216
32,0.04749473319035362,-3.047136454292287
33,0.0474184998163727,-3.04874283494036
34,0.04734238880390262,-3.050349215588432
35,0.04726639995654199,-3.051955596236504
36,0.04719053307820469,-3.053561976884575
37,0.04711478797311924,-3.055168357532647
38,0.04703916444582855,-3.056774738180719
39,0.04696366230118915,-3.058381118828791
40,0.0468882813443709,-3.059987499476862
41,0.04681302138085618,-3.061593880124934
42,0.04673788221643986,-3.063200260773005
43,0.04666286365722818,-3.064806641421078
44,0.04658796550963905,-3.066413022069149
45,0.04651318758040059,-3.068019402717222
46,0.04643852967655164,-3.069625783365293
47,0.04636399160544034,-3.071232164013365
48,0.0462895731747243,-3.072838544661436
49,0.04621527419236979,-3.074444925309507
50,0.04614109446665123,-3.076051305957579
51,0.0460670338061509,-3.077657686605652
52,0.04599309201975828,-3.079264067253724
53,0.04591926891666965,-3.080870447901796
54,0.04584556430638739,-3.082476828549868
55,0.04577197799871986,-3.08408320919794
56,0.04569850980378054,-3.085689589846011
57,0.04562515953198772,-3.087295970494083
58,0.045551926994064,-3.088902351142155
59,0.04547881200103585,-3.090508731790226
60,0.04540581436423292,-3.092115112438298
61,0.04533293389528784,-3.093721493086369
62,0.04526017040613548,-3.095327873734441
63,0.04518752370901263,-3.096934254382514
64,0.04511499361645744,-3.098540635030586
65,0.045042579941309,-3.100147015678658
66,0.04497028249670672,-3.10175339632673
67,0.04489810109609004,-3.103359776974801
68,0.04482603555319774,-3.104966157622872
69,0.04475408568206762,-3.106572538270943
70,0.0446822512970359,-3.108178918919015
71,0.04461053221273697,-3.109785299567087
72,0.0445389282441026,-3.111391680215159
73,0.04446743920636169,-3.11299806086323
74,0.04439606491503965,-3.114604441511303
75,0.04432480518595801,-3.116210822159375
76,0.04425365983523403,-3.117817202807446
77,0.04418262867927992,-3.119423583455518
78,0.04411171153480272,-3.12102996410359
79,0.0440409082188036,-3.122636344751663
80,0.04397021854857753,-3.124242725399735
81,0.04389964234171264,-3.125849106047807
82,0.04382917941608994,-3.127455486695878
83,0.04375882958988273,-3.129061867343949
84,0.043688592681556,-3.130668247992022
85,0.0436184685098664,-3.132274628640094
86,0.04354845689386132,-3.133881009288166
87,0.04347855765287867,-3.135487389936237
88,0.04340877060654625,-3.137093770584309
89,0.04333909557478143,-3.138700151232381
90,0.04326953237779067,-3.140306531880453
91,0.04320008083606885,-3.141912912528526
92,0.04313074077039928,-3.143519293176596
93,0.04306151200185255,-3.145125673824669
94,0.04299239435178672,-3.146732054472742
95,0.04292338764184658,-3.148338435120812
96,0.04285449169396296,-3.149944815768885
97,0.04278570633035274,-3.151551196416958
98,0.04271703137351818,-3.153157577065029
99,0.04264846664624627,-3.1547639577131
100,0.04258001197160844,-3.156370338361173
101,0.04251166717296032,-3.157976719009244
102,0.04244343207394085,-3.159583099657316
103,0.04237530649847219,-3.161189480305387
104,0.042307290270759,-3.162795860953459
105,0.04223938321528815,-3.164402241601532
106,0.04217158515682835,-3.166008622249604
107,0.04210389592042942,-3.167615002897675
108,0.04203631533142204,-3.169221383545746
109,0.04196884321541721,-3.170827764193817
110,0.0419014793983059,-3.172434144841889
111,0.04183422370625853,-3.17404052548996
112,0.04176707596572448,-3.175646906138033
113,0.0417000360034318,-3.177253286786104
114,0.04163310364638654,-3.178859667434176
115,0.04156627872187248,-3.180466048082248
116,0.04149956105745068,-3.18207242873032
117,0.04143295048095882,-3.183678809378392
118,0.04136644682051113,-3.185285190026464
119,0.04130004990449753,-3.186891570674535
120,0.04123375956158349,-3.188497951322608
121,0.0411675756207095,-3.19010433197068
122,0.04110149791109061,-3.191710712618751
123,0.04103552626221594,-3.193317093266823
124,0.04096966050384832,-3.194923473914895
125,0.04090390046602388,-3.196529854562967
126,0.04083824597905152,-3.198136235211038
127,0.04077269687351247,-3.199742615859109
128,0.04070725298025991,-3.201348996507182
129,0.0406419141304186,-3.202955377155253
130,0.0405766801553842,-3.204561757803326
131,0.04051155088682323,-3.206168138451397
132,0.04044652615667214,-3.207774519099469
133,0.04038160579713732,-3.20938089974754
134,0.0403167896406944,-3.210987280395611
135,0.04025207752008787,-3.212593661043684
136,0.04018746926833083,-3.214200041691756
137,0.04012296471870425,-3.215806422339828
138,0.0400585637047568,-3.2174128029879
139,0.0399942660603043,-3.21901918363597
140,0.03993007161942916,-3.220625564284044
141,0.03986598021648045,-3.222231944932114
142,0.03980199168607272,-3.223838325580186
143,0.03973810586308626,-3.225444706228258
144,0.03967432258266627,-3.22705108687633
145,0.03961064168022264,-3.228657467524401
146,0.03954706299142932,-3.230263848172473
147,0.03948358635222411,-3.231870228820545
148,0.03942021159880814,-3.233476609468617
149,0.03935693856764548,-3.235082990116688
150,0.03929376709546253,-3.236689370764761
151,0.03923069701924799,-3.238295751412832
152,0.03916772817625205,-3.239902132060903
153,0.03910486040398617,-3.241508512708974
154,0.03904209354022256,-3.243114893357046
155,0.03897942742299396,-3.244721274005117
156,0.03891686189059293,-3.24632765465319
157,0.03885439678157176,-3.247934035301262
158,0.03879203193474168,-3.249540415949334
159,0.03872976718917279,-3.251146796597406
160,0.03866760238419343,-3.252753177245478
161,0.03860553735938987,-3.25435955789355
162,0.03854357195460582,-3.255965938541621
163,0.03848170600994205,-3.257572319189693
164,0.03841993936575604,-3.259178699837765
165,0.03835827186266141,-3.260785080485838
166,0.0382967033415278,-3.262391461133909
167,0.03823523364348006,-3.263997841781981
168,0.03817386260989812,-3.265604222430053
169,0.03811259008241661,-3.267210603078124
170,0.03805141590292415,-3.268816983726196
171,0.03799033991356329,-3.270423364374269
172,0.03792936195673,-3.27202974502234
173,0.03786848187507304,-3.273636125670412
174,0.0378076995114939,-3.275242506318484
175,0.03774701470914611,-3.276848886966556
176,0.03768642731143503,-3.278455267614629
177,0.03762593716201743,-3.280061648262699
178,0.03756554410480082,-3.281668028910771
179,0.03750524798394337,-3.283274409558843
180,0.03744504864385348,-3.284880790206915
181,0.03738494592918915,-3.286487170854986
182,0.03732493968485775,-3.288093551503058
183,0.03726502975601566,-3.289699932151129
184,0.03720521598806766,-3.291306312799202
185,0.0371454982266668,-3.292912693447274
186,0.03708587631771384,-3.294519074095347
187,0.03702635010735689,-3.296125454743418
188,0.03696691944199094,-3.29773183539149
189,0.03690758416825757,-3.299338216039561
190,0.03684834413304457,-3.300944596687633
191,0.03678919918348542,-3.302550977335704
192,0.03673014916695892,-3.304157357983776
193,0.03667119393108888,-3.30576373863185
194,0.0366123333237439,-3.30737011927992
195,0.03655356719303638,-3.308976499927993
196,0.03649489538732283,-3.310582880576065
197,0.03643631775520297,-3.312189261224137
198,0.03637783414551967,-3.313795641872208
199,0.03631944440735833,-3.315402022520278
200,0.03626114839004654,-3.31700840316835
201,0.03620294594315378,-3.318614783816423
202,0.03614483691649117,-3.320221164464494
203,0.03608682116011063,-3.321827545112564
204,0.03602889852430478,-3.323433925760637
205,0.03597106885960668,-3.32504030640871
206,0.03591333201678933,-3.326646687056779
207,0.035855687846865,-3.328253067704851
208,0.0357981362010853,-3.329859448352924
209,0.03574067693094054,-3.331465829000997
210,0.03568330988815951,-3.333072209649067
211,0.03562603492470881,-3.334678590297139
212,0.03556885189279266,-3.336284970945211
213,0.0355117606448527,-3.337891351593282
214,0.03545476103356716,-3.339497732241356
215,0.03539785291185097,-3.341104112889428
216,0.03534103613285499,-3.342710493537499
217,0.03528431054996584,-3.344316874185571
218,0.03522767601680545,-3.345923254833643
219,0.03517113238723071,-3.347529635481715
220,0.03511467951533311,-3.349136016129786
221,0.03505831725543827,-3.350742396777858
222,0.03500204546210564,-3.35234877742593
223,0.03494586399012831,-3.353955158074
224,0.03488977269453208,-3.355561538722072
225,0.03483377143057575,-3.357167919370143
226,0.03477786005375025,-3.358774300018215
227,0.0347220384197786,-3.360380680666287
228,0.03466630638461534,-3.36198706131436
229,0.0346106638044463,-3.36359344196243
230,0.03455511053568785,-3.365199822610504
231,0.03449964643498725,-3.366806203258576
232,0.03444427135922158,-3.368412583906648
233,0.0343889851654977,-3.370018964554719
234,0.0343337877111518,-3.371625345202792
235,0.03427867885374915,-3.373231725850863
236,0.03422365845108356,-3.374838106498935
237,0.03416872636117708,-3.376444487147007
238,0.03411388244227976,-3.378050867795079
239,0.03405912655286904,-3.379657248443151
240,0.03400445855164966,-3.381263629091221
241,0.03394987829755289,-3.382870009739295
242,0.03389538564973672,-3.384476390387368
243,0.03384098046758514,-3.38608277103544
244,0.03378666261070772,-3.387689151683511
245,0.03373243193893941,-3.389295532331584
246,0.03367828831234029,-3.390901912979654
247,0.03362423159119477,-3.392508293627727
248,0.03357026163601184,-3.394114674275797
249,0.03351637830752408,-3.395721054923869
250,0.0334625814666878,-3.397327435571942
251,0.03340887097468247,-3.398933816220013
252,0.03335524669291035,-3.400540196868085
253,0.0333017084829961,-3.402146577516158
254,0.03324825620678665,-3.403752958164228
255,0.03319488972635051,-3.405359338812299
256,0.03314160890397756,-3.406965719460373
257,0.03308841360217896,-3.408572100108445
258,0.03303530368368634,-3.410178480756517
259,0.03298227901145168,-3.411784861404589
260,0.03292933944864696,-3.413391242052662
261,0.0328764848586639,-3.414997622700733
262,0.03282371510511331,-3.416604003348804
263,0.03277103005182494,-3.418210383996876
264,0.03271842956284721,-3.419816764644948
265,0.03266591350244672,-3.421423145293019
266,0.03261348173510784,-3.423029525941091
267,0.03256113412553255,-3.424635906589163
268,0.03250887053864002,-3.426242287237233
269,0.03245669083956604,-3.427848667885308
270,0.03240459489366321,-3.429455048533379
271,0.03235258256649995,-3.431061429181451
272,0.03230065372386059,-3.432667809829524
273,0.03224880823174493,-3.434274190477594
274,0.03219704595636766,-3.435880571125666
275,0.03214536676415846,-3.437486951773737
276,0.03209377052176118,-3.439093332421808
277,0.03204225709603382,-3.44069971306988
278,0.03199082635404807,-3.442306093717953
279,0.03193947816308908,-3.443912474366024
280,0.03188821239065488,-3.445518855014095
281,0.03183702890445625,-3.447125235662165
282,0.03178592757241615,-3.448731616310239
283,0.03173490826266986,-3.45033799695831
284,0.03168397084356401,-3.451944377606382
285,0.03163311518365672,-3.453550758254454
286,0.03158234115171698,-3.455157138902526
287,0.03153164861672444,-3.456763519550599
288,0.0314810374478692,-3.458369900198671
289,0.03143050751455111,-3.459976280846742
290,0.03138005868637973,-3.461582661494814
291,0.03132969083317394,-3.463189042142885
292,0.03127940382496153,-3.464795422790957
293,0.03122919753197892,-3.466401803439027
294,0.03117907182467073,-3.468008184087101
295,0.03112902657368975,-3.469614564735172
296,0.03107906164989616,-3.471220945383244
297,0.03102917692435755,-3.472827326031314
298,0.03097937226834834,-3.474433706679387
299,0.0309296475533497,-3.47604008732746
300,0.03088000265104906,-3.477646467975531
301,0.03083043743333968,-3.479252848623603
302,0.03078095177232057,-3.480859229271676
303,0.03073154554029601,-3.482465609919748
304,0.03068221860977525,-3.484071990567819
305,0.03063297085347207,-3.485678371215891
306,0.03058380214430468,-3.487284751863964
307,0.0305347123553952,-3.488891132512038
308,0.03048570136006956,-3.490497513160108
309,0.03043676903185667,-3.492103893808181
310,0.03038791524448883,-3.493710274456252
311,0.03033913987190074,-3.495316655104324
312,0.03029044278822956,-3.496923035752394
313,0.03024182386781437,-3.498529416400467
314,0.03019328298519609,-3.500135797048539
315,0.03014482001511698,-3.501742177696609
316,0.03009643483252025,-3.503348558344681
317,0.03004812731254991,-3.504954938992753
318,0.02999989733055039,-3.506561319640825
319,0.02995174476206611,-3.508167700288899
320,0.02990366948284148,-3.50977408093697
321,0.02985567136882007,-3.511380461585043
322,0.02980775029614479,-3.512986842233113
323,0.02975990614115717,-3.514593222881185
324,0.02971213878039736,-3.516199603529257
325,0.02966444809060364,-3.517805984177328
326,0.02961683394871207,-3.519412364825401
327,0.02956929623185634,-3.521018745473472
328,0.02952183481736726,-3.522625126121544
329,0.02947444958277267,-3.524231506769615
330,0.02942714040579683,-3.525837887417686
331,0.02937990716436031,-3.527444268065758
332,0.02933274973657965,-3.529050648713831
333,0.02928566800076713,-3.530657029361902
334,0.02923866183543012,-3.532263410009973
335,0.0291917311192712,-3.533869790658045
336,0.02914487573118749,-3.535476171306118
337,0.02909809555027066,-3.537082551954189
338,0.02905139045580628,-3.538688932602262
339,0.02900476032727383,-3.540295313250332
340,0.02895820504434607,-3.541901693898405
341,0.02891172448688903,-3.543508074546477
342,0.02886531853496152,-3.545114455194549
343,0.02881898706881489,-3.54672083584262
344,0.02877272996889266,-3.548327216490691
345,0.0287265471158302,-3.549933597138764
346,0.02868043839045464,-3.551539977786835
347,0.02863440367378423,-3.553146358434907
348,0.02858844284702824,-3.554752739082979
349,0.02854255579158671,-3.556359119731049
350,0.02849674238904984,-3.557965500379122
351,0.02845100252119806,-3.559571881027194
352,0.02840533607000151,-3.561178261675267
353,0.0283597429176198,-3.562784642323338
354,0.02831422294640163,-3.564391022971409
355,0.02826877603888456,-3.56599740361948
356,0.02822340207779464,-3.567603784267553
357,0.02817810094604631,-3.569210164915624
358,0.02813287252674171,-3.570816545563698
359,0.02808771670317089,-3.572422926211769
360,0.02804263335881099,-3.574029306859841
361,0.02799762237732629,-3.575635687507914
362,0.02795268364256784,-3.577242068155984
363,0.02790781703857293,-3.578848448804058
364,0.02786302244956526,-3.580454829452129
365,0.02781829975995412,-3.582061210100202
366,0.02777364885433452,-3.583667590748272
367,0.02772906961748653,-3.585273971396343
368,0.0276845619343752,-3.586880352044416
369,0.02764012569015039,-3.588486732692487
370,0.02759576077014606,-3.59009311334056
371,0.02755146705988043,-3.591699493988631
372,0.02750724444505534,-3.593305874636703
373,0.02746309281155612,-3.594912255284775
374,0.02741901204545128,-3.596518635932847
375,0.02737500203299225,-3.598125016580918
376,0.02733106266061283,-3.599731397228992
377,0.02728719381492948,-3.601337777877063
378,0.02724339538274031,-3.602944158525133
379,0.02719966725102519,-3.604550539173206
380,0.02715600930694554,-3.606156919821277
381,0.02711242143784378,-3.607763300469349
382,0.02706890353124321,-3.609369681117419
383,0.02702545547484756,-3.610976061765492
384,0.02698207715654097,-3.612582442413564
385,0.02693876846438745,-3.614188823061635
386,0.02689552928663063,-3.615795203709707
387,0.02685235951169361,-3.617401584357779
388,0.02680925902817854,-3.619007965005851
389,0.02676622772486637,-3.620614345653922
390,0.02672326549071654,-3.622220726301994
391,0.02668037221486675,-3.623827106950067
392,0.02663754778663274,-3.625433487598138
393,0.02659479209550774,-3.627039868246209
394,0.02655210503116237,-3.628646248894283
395,0.02650948648344453,-3.630252629542354
396,0.02646693634237873,-3.631859010190425
397,0.02642445449816599,-3.633465390838498
398,0.0263820408411837,-3.635071771486571
399,0.0263396952619852,-3.636678152134642
400,0.02629741765129934,-3.638284532782714
401,0.02625520790003055,-3.639890913430786
402,0.02621306589925821,-3.641497294078859
403,0.02617099154023671,-3.643103674726929
404,0.02612898471439473,-3.644710055375002
405,0.02608704531333547,-3.646316436023073
406,0.02604517322883593,-3.647922816671147
407,0.026003368352847,-3.649529197319218
408,0.02596163057749287,-3.651135577967288
409,0.02591995979507086,-3.652741958615359
410,0.0258783558980512,-3.654348339263432
411,0.02583681877907676,-3.655954719911504
412,0.02579534833096275,-3.657561100559574
413,0.02575394444669624,-3.659167481207647
414,0.02571260701943626,-3.660773861855719
415,0.02567133594251326,-3.662380242503791
416,0.02563013110942894,-3.663986623151862
417,0.02558899241385582,-3.665593003799934
418,0.02554791974963724,-3.667199384448005
419,0.02550691301078681,-3.668805765096077
420,0.02546597209148837,-3.670412145744147
421,0.0254250968860954,-3.672018526392221
422,0.02538428728913123,-3.673624907040294
423,0.02534354319528832,-3.675231287688367
424,0.02530286449942831,-3.676837668336435
425,0.02526225109658123,-3.678444048984509
426,0.02522170288194603,-3.68005042963258
427,0.02518121975088963,-3.681656810280652
428,0.02514080159894702,-3.683263190928721
429,0.02510044832182069,-3.684869571576793
430,0.02506015981538067,-3.686475952224866
431,0.0250199359756642,-3.688082332872937
432,0.02497977669887522,-3.689688713521009
433,0.02493968188138437,-3.69129509416908
434,0.0248996514197286,-3.692901474817152
435,0.02485968521061091,-3.694507855465224
436,0.02481978315090017,-3.696114236113296
437,0.02477994513763071,-3.697720616761367
438,0.02474017106800216,-3.699326997409439
439,0.02470046083937915,-3.700933378057511
440,0.02466081434929102,-3.702539758705584
441,0.02462123149543171,-3.704146139353654
442,0.02458171217565911,-3.705752520001728
443,0.02454225628799534,-3.707358900649802
444,0.02450286373062615,-3.708965281297872
445,0.02446353440190053,-3.710571661945944
446,0.02442426820033081,-3.712178042594014
447,0.02438506502459212,-3.713784423242084
448,0.02434592477352219,-3.715390803890158
449,0.02430684734612131,-3.71699718453823
450,0.02426783264155172,-3.718603565186302
451,0.02422888055913756,-3.720209945834374
452,0.0241899909983646,-3.721816326482445
453,0.02415116385887984,-3.723422707130517
454,0.02411239904049148,-3.725029087778589
455,0.02407369644316851,-3.72663546842666
456,0.02403505596704036,-3.728241849074732
457,0.0239964775123969,-3.729848229722804
458,0.02395796097968804,-3.731454610370875
459,0.02391950626952334,-3.733060991018947
460,0.02388111328267206,-3.734667371667019
461,0.02384278192006262,-3.736273752315091
462,0.02380451208278252,-3.737880132963163
463,0.02376630367207797,-3.739486513611236
464,0.02372815658935378,-3.741092894259307
465,0.0236900707361729,-3.742699274907378
466,0.02365204601425634,-3.744305655555451
467,0.02361408232548282,-3.745912036203524
468,0.0235761795718887,-3.747518416851594
469,0.02353833765566736,-3.749124797499666
470,0.0235005564791693,-3.750731178147739
471,0.02346283594490176,-3.752337558795809
472,0.0234251759555284,-3.753943939443881
473,0.02338757641386913,-3.755550320091954
474,0.02335003722289993,-3.757156700740025
475,0.0233125582857524,-3.758763081388096
476,0.02327513950571359,-3.760369462036171
477,0.02323778078622599,-3.761975842684243
478,0.0232004820308869,-3.763582223332315
479,0.02316324314344841,-3.765188603980386
480,0.02312606402781703,-3.766794984628459
481,0.02308894458805365,-3.76840136527653
482,0.02305188472837297,-3.770007745924603
483,0.02301488435314359,-3.771614126572675
484,0.02297794336688756,-3.773220507220745
485,0.02294106167428011,-3.774826887868817
486,0.02290423918014954,-3.77643326851689
487,0.02286747578947693,-3.778039649164962
488,0.02283077140739586,-3.779646029813033
489,0.02279412593919216,-3.781252410461104
490,0.02275753929030363,-3.782858791109176
491,0.02272101136631995,-3.784465171757248
492,0.02268454207298229,-3.78607155240532
493,0.02264813131618311,-3.787677933053393
494,0.02261177900196598,-3.789284313701464
495,0.02257548503652518,-3.790890694349537
496,0.02253924932620565,-3.792497074997609
497,0.02250307177750258,-3.794103455645681
498,0.02246695229706131,-3.795709836293752
499,0.02243089079167694,-3.797316216941825
500,0.02239488716829429,-3.798922597589895
501,0.02235894133400741,-3.800528978237967
502,0.02232305319605957,-3.802135358886038
503,0.0222872226618429,-3.803741739534108
504,0.02225144963889806,-3.805348120182182
505,0.02221573403491436,-3.806954500830253
506,0.02218007575772907,-3.808560881478325
507,0.02214447471532743,-3.810167262126398
508,0.02210893081584246,-3.811773642774469
509,0.02207344396755455,-3.813380023422541
510,0.02203801407889136,-3.81498640407061
511,0.02200264105842741,-3.816592784718682
512,0.02196732481488407,-3.818199165366756
513,0.02193206525712932,-3.819805546014827
514,0.02189686229417721,-3.8214119266629
515,0.021861715835188,-3.82301830731097
516,0.02182662578946759,-3.824624687959043
517,0.0217915920664676,-3.826231068607114
518,0.02175661457578493,-3.827837449255186
519,0.02172169322716156,-3.829443829903258
520,0.02168682793048445,-3.831050210551328
521,0.02165201859578502,-3.832656591199399
522,0.02161726513323921,-3.834262971847472
523,0.02158256745316715,-3.835869352495544
524,0.02154792546603291,-3.837475733143616
525,0.0215133390824442,-3.839082113791688
526,0.02147880821315229,-3.840688494439761
527,0.02144433276905167,-3.842294875087834
528,0.0214099126611799,-3.843901255735905
529,0.02137554780071726,-3.845507636383976
530,0.02134123809898658,-3.847114017032049
531,0.02130698346745311,-3.848720397680121
532,0.0212727838177242,-3.850326778328193
533,0.02123863906154899,-3.851933158976265
534,0.02120454911081833,-3.853539539624338
535,0.02117051387756453,-3.85514592027241
536,0.02113653327396103,-3.856752300920481
537,0.02110260721232226,-3.858358681568552
538,0.02106873560510336,-3.859965062216625
539,0.02103491836490009,-3.861571442864697
540,0.02100115540444846,-3.863177823512768
541,0.02096744663662442,-3.86478420416084
542,0.02093379197444389,-3.866390584808913
543,0.02090019133106247,-3.867996965456984
544,0.02086664461977498,-3.869603346105056
545,0.02083315175401554,-3.871209726753128
546,0.02079971264735713,-3.8728161074012
547,0.02076632721351153,-3.874422488049273
548,0.02073299536632899,-3.876028868697344
549,0.020699717019798,-3.877635249345416
550,0.02066649208804516,-3.879241629993488
551,0.02063332048533488,-3.88084801064156
552,0.02060020212606921,-3.882454391289631
553,0.02056713692478752,-3.884060771937704
554,0.02053412479616645,-3.885667152585776
555,0.02050116565501948,-3.88727353323385
556,0.02046825941629703,-3.88887991388192
557,0.02043540599508575,-3.890486294529991
558,0.02040260530660875,-3.892092675178064
559,0.02036985726622519,-3.893699055826137
560,0.02033716178943013,-3.895305436474208
561,0.02030451879185417,-3.89691181712228
562,0.02027192818926341,-3.898518197770352
563,0.0202393898975591,-3.900124578418424
564,0.02020690383277753,-3.901730959066495
565,0.02017446991108973,-3.903337339714566
566,0.02014208804880124,-3.904943720362639
567,0.02010975816235202,-3.906550101010711
568,0.02007748016831608,-3.908156481658783
569,0.0200452539834014,-3.909762862306856
570,0.02001307952444964,-3.911369242954927
571,0.0199809567084359,-3.912975623602998
572,0.01994888545246852,-3.91458200425107
573,0.01991686567378893,-3.916188384899144
574,0.01988489728977149,-3.917794765547214
575,0.01985298021792296,-3.919401146195287
576,0.01982111437588268,-3.92100752684336
577,0.01978929968142218,-3.922613907491431
578,0.01975753605244491,-3.924220288139502
579,0.01972582340698607,-3.925826668787575
580,0.01969416166321252,-3.927433049435647
581,0.01966255073942246,-3.929039430083717
582,0.01963099055404508,-3.930645810731789
583,0.01959948102564068,-3.93225219137986
584,0.01956802207290016,-3.933858572027932
585,0.01953661361464498,-3.935464952676005
586,0.01950525556982692,-3.937071333324076
587,0.01947394785752777,-3.938677713972149
588,0.01944269039695935,-3.940284094620219
589,0.01941148310746296,-3.94189047526829
590,0.01938032590850946,-3.943496855916363
591,0.01934921871969898,-3.945103236564436
592,0.01931816146076074,-3.946709617212506
593,0.01928715405155267,-3.948315997860578
594,0.01925619641206143,-3.949922378508651
595,0.01922528846240212,-3.951528759156723
596,0.01919443012281803,-3.953135139804793
597,0.01916362131368044,-3.954741520452865
598,0.01913286195548851,-3.956347901100935
599,0.01910215196886889,-3.957954281749008
600,0.01907149127457578,-3.959560662397079
601,0.01904087979349049,-3.961167043045151
602,0.01901031744662136,-3.96277342369322
603,0.01897980415510341,-3.964379804341294
604,0.01894933984019841,-3.965986184989366
605,0.01891892442329441,-3.967592565637437
606,0.01888855782590571,-3.969198946285508
607,0.01885823996967244,-3.97080532693358
608,0.01882797077636071,-3.97241170758165
609,0.01879775016786204,-3.974018088229721
610,0.01876757806619338,-3.975624468877793
611,0.01873745439349684,-3.977230849525865
612,0.0187073790720395,-3.978837230173938
613,0.01867735202421327,-3.98044361082201
614,0.01864737317253451,-3.982049991470083
615,0.0186174424396441,-3.983656372118154
616,0.01858755974830691,-3.985262752766226
617,0.01855772502141195,-3.986869133414296
618,0.01852793818197185,-3.988475514062368
619,0.01849819915312293,-3.990081894710439
620,0.01846850785812481,-3.99168827535851
621,0.01843886422036029,-3.993294656006581
622,0.01840926816333515,-3.994901036654656
623,0.01837971961067804,-3.996507417302729
624,0.01835021848614011,-3.9981137979508
625,0.01832076471359489,-3.999720178598871
626,0.01829135821703813,-4.001326559246943
627,0.01826199892058756,-4.002932939895013
628,0.01823268674848267,-4.004539320543085
629,0.0182034216250846,-4.006145701191157
630,0.01817420347487593,-4.007752081839229
631,0.01814503222246038,-4.009358462487301
632,0.01811590779256273,-4.010964843135373
633,0.01808683011002859,-4.012571223783444
634,0.01805779909982412,-4.014177604431516
635,0.01802881468703609,-4.015783985079587
636,0.01799987679687125,-4.01739036572766
637,0.01797098535465669,-4.018996746375731
638,0.01794214028583918,-4.020603127023803
639,0.01791334151598512,-4.022209507671875
640,0.01788458897078053,-4.023815888319947
641,0.01785588257603061,-4.02542226896802
642,0.0178272222576597,-4.027028649616092
643,0.01779860794171099,-4.028635030264163
644,0.01777003955434641,-4.030241410912235
645,0.01774151702184639,-4.031847791560307
646,0.0177130402706097,-4.033454172208379
647,0.01768460922715322,-4.035060552856453
648,0.01765622381811187,-4.036666933504522
649,0.01762788397023818,-4.038273314152594
650,0.01759958961040236,-4.039879694800665
651,0.01757134066559192,-4.041486075448738
652,0.0175431370629117,-4.043092456096808
653,0.01751497872958337,-4.044698836744879
654,0.0174868655929455,-4.046305217392951
655,0.01745879758045332,-4.047911598041022
656,0.01743077461967842,-4.049517978689094
657,0.01740279663830873,-4.051124359337166
658,0.01737486356414819,-4.052730739985238
659,0.01734697532511663,-4.05433712063331
660,0.01731913184924959,-4.055943501281382
661,0.0172913330646981,-4.057549881929456
662,0.01726357889972856,-4.059156262577527
663,0.01723586928272247,-4.060762643225599
664,0.01720820414217628,-4.06236902387367
665,0.01718058340670119,-4.063975404521742
666,0.01715300700502308,-4.065581785169814
667,0.01712547486598208,-4.067188165817887
668,0.0170979869185327,-4.068794546465959
669,0.01707054309174339,-4.070400927114031
670,0.0170431433147965,-4.0720073077621
671,0.01701578751698792,-4.073613688410174
672,0.0169884756277272,-4.075220069058246
673,0.01696120757653717,-4.076826449706315
674,0.01693398329305358,-4.07843283035439
675,0.0169068027070254,-4.080039211002463
676,0.01687966574831422,-4.081645591650534
677,0.01685257234689419,-4.083251972298606
678,0.01682552243285192,-4.084858352946676
679,0.0167985159363862,-4.086464733594746
680,0.01677155278780779,-4.088071114242819
681,0.01674463291753943,-4.089677494890893
682,0.01671775625611555,-4.091283875538964
683,0.01669092273418195,-4.092890256187037
684,0.01666413228249585,-4.094496636835107
685,0.01663738483192556,-4.096103017483179
686,0.01661068031345036,-4.097709398131252
687,0.01658401865816034,-4.099315778779324
688,0.01655739979725623,-4.100922159427394
689,0.01653082366204907,-4.102528540075466
690,0.01650429018396027,-4.104134920723535
691,0.01647779929452121,-4.105741301371608
692,0.0164513509253733,-4.107347682019679
693,0.01642494500826752,-4.108954062667752
694,0.01639858147506452,-4.110560443315824
695,0.0163722602577343,-4.112166823963896
696,0.01634598128835597,-4.113773204611968
697,0.01631974449911779,-4.115379585260039
698,0.01629354982231674,-4.116985965908111
699,0.01626739719035852,-4.118592346556183
700,0.01624128653575733,-4.120198727204256
701,0.01621521779113572,-4.121805107852328
702,0.01618919088922434,-4.123411488500399
703,0.01616320576286184,-4.125017869148469
704,0.01613726234499459,-4.126624249796542
705,0.01611136056867673,-4.128230630444612
706,0.01608550036706973,-4.129837011092685
707,0.01605968167344242,-4.131443391740757
708,0.01603390442117071,-4.133049772388829
709,0.01600816854373749,-4.134656153036897
710,0.01598247397473229,-4.136262533684969
711,0.01595682064785132,-4.137868914333042
712,0.01593120849689728,-4.139475294981114
713,0.01590563745577904,-4.141081675629184
714,0.01588010745851149,-4.142688056277259
715,0.01585461843921564,-4.144294436925329
716,0.01582917033211801,-4.145900817573402
717,0.01580376307155084,-4.147507198221474
718,0.01577839659195173,-4.149113578869545
719,0.01575307082786348,-4.150719959517617
720,0.01572778571393401,-4.152326340165689
721,0.01570254118491611,-4.153932720813761
722,0.01567733717566731,-4.155539101461831
723,0.01565217362114966,-4.157145482109903
724,0.01562705045642964,-4.158751862757974
725,0.01560196761667797,-4.160358243406045
726,0.01557692503716933,-4.161964624054119
727,0.01555192265328242,-4.163571004702192
728,0.01552696040049961,-4.165177385350264
729,0.01550203821440682,-4.166783765998336
730,0.01547715603069333,-4.168390146646408
731,0.01545231378515171,-4.16999652729448
732,0.01542751141367759,-4.17160290794255
733,0.01540274885226935,-4.173209288590623
734,0.01537802603702831,-4.174815669238693
735,0.01535334290415818,-4.176422049886765
736,0.01532869938996518,-4.178028430534837
737,0.01530409543085771,-4.179634811182908
738,0.01527953096334624,-4.181241191830982
739,0.01525500592404321,-4.182847572479052
740,0.01523052024966266,-4.184453953127127
741,0.01520607387702043,-4.186060333775197
742,0.01518166674303351,-4.187666714423272
743,0.01515729878472043,-4.189273095071342
744,0.01513296993920055,-4.190879475719415
745,0.01510868014369433,-4.192485856367486
746,0.01508442933552295,-4.194092237015555
747,0.0150602174521081,-4.195698617663629
748,0.01503604443097208,-4.197304998311702
749,0.01501191020973736,-4.198911378959774
750,0.01498781472612659,-4.200517759607845
751,0.01496375791796234,-4.202124140255917
752,0.01493973972316702,-4.203730520903986
753,0.01491576007976257,-4.205336901552059
754,0.01489181892587055,-4.206943282200132
755,0.01486791619971179,-4.208549662848206
756,0.01484405183960629,-4.210156043496277
757,0.01482022578397303,-4.211762424144349
758,0.01479643797132985,-4.21336880479242
759,0.01477268834029321,-4.214975185440494
760,0.01474897682957821,-4.216581566088567
761,0.01472530337799831,-4.218187946736635
762,0.01470166792446502,-4.219794327384706
763,0.01467807040798806,-4.221400708032778
764,0.014654510767675,-4.223007088680849
765,0.01463098894273113,-4.224613469328921
766,0.01460750487245936,-4.226219849976993
767,0.01458405849625999,-4.227826230625065
768,0.01456064975363063,-4.229432611273135
769,0.01453727858416592,-4.231038991921206
770,0.01451394492755752,-4.232645372569279
771,0.01449064872359389,-4.234251753217351
772,0.01446738991216012,-4.235858133865423
773,0.01444416843323781,-4.237464514513495
774,0.01442098422690484,-4.239070895161568
775,0.01439783723333533,-4.240677275809641
776,0.01437472739279943,-4.242283656457712
777,0.01435165464566308,-4.243890037105785
778,0.01432861893238806,-4.245496417753856
779,0.0143056201935316,-4.247102798401928
780,0.01428265836974639,-4.24870917905
781,0.0142597334017804,-4.250315559698072
782,0.01423684523047669,-4.251921940346143
783,0.01421399379677324,-4.253528320994214
784,0.01419117904170286,-4.255134701642286
785,0.01416840090639299,-4.256741082290358
786,0.01414565933206562,-4.258347462938428
787,0.01412295426003697,-4.259953843586501
788,0.01410028563171757,-4.261560224234574
789,0.014077653388612,-4.263166604882644
790,0.01405505747231856,-4.264772985530717
791,0.01403249782452948,-4.26637936617879
792,0.01400997438703055,-4.267985746826858
793,0.01398748710170084,-4.269592127474932
794,0.01396503591051289,-4.271198508123005
795,0.01394262075553231,-4.272804888771078
796,0.0139202415789177,-4.27441126941915
797,0.01389789832292049,-4.276017650067224
798,0.01387559092988489,-4.277624030715295
799,0.01385331934224749,-4.279230411363367
800,0.01383108350253738,-4.280836792011439
801,0.01380888335337593,-4.28244317265951
802,0.01378671883747651,-4.284049553307582
803,0.01376458989764451,-4.285655933955654
804,0.0137424964767771,-4.287262314603725
805,0.01372043851786307,-4.288868695251797
806,0.01369841596398279,-4.290475075899869
807,0.01367642875830794,-4.292081456547942
808,0.01365447684410146,-4.293687837196012
809,0.01363256016471727,-4.295294217844086
810,0.01361067866360037,-4.296900598492154
811,0.01358883228428631,-4.298506979140228
812,0.01356702097040151,-4.300113359788297
813,0.01354524466566266,-4.301719740436369
814,0.01352350331387696,-4.30332612108444
815,0.0135017968589417,-4.304932501732512
816,0.01348012524484427,-4.306538882380585
817,0.01345848841566198,-4.308145263028655
818,0.01343688631556179,-4.309751643676728
819,0.01341531888880045,-4.311358024324799
820,0.01339378607972403,-4.312964404972873
821,0.01337228783276805,-4.314570785620943
822,0.01335082409245712,-4.316177166269013
823,0.0133293948034049,-4.317783546917087
824,0.01330799991031406,-4.319389927565157
825,0.01328663935797587,-4.320996308213229
826,0.01326531309127037,-4.322602688861299
827,0.01324402105516588,-4.324209069509373
828,0.01322276319471931,-4.325815450157443
829,0.01320153945507548,-4.327421830805518
830,0.01318034978146749,-4.32902821145359
831,0.0131591941192162,-4.330634592101663
832,0.01313807241373031,-4.332240972749735
833,0.0131169846105061,-4.333847353397807
834,0.01309593065512739,-4.335453734045879
835,0.01307491049326526,-4.33706011469395
836,0.01305392407067805,-4.338666495342022
837,0.01303297133321117,-4.340272875990093
838,0.0130120522267969,-4.341879256638164
839,0.01299116669745433,-4.343485637286236
840,0.01297031469128923,-4.345092017934308
841,0.01294949615449387,-4.346698398582377
842,0.0129287110333468,-4.348304779230449
843,0.01290795927421285,-4.349911159878523
844,0.01288724082354303,-4.351517540526594
845,0.01286655562787416,-4.353123921174666
846,0.01284590363382898,-4.354730301822737
847,0.0128252847881158,-4.356336682470809
848,0.01280469903752855,-4.357943063118883
849,0.01278414632894657,-4.359549443766954
850,0.01276362660933439,-4.361155824415027
851,0.01274313982574173,-4.362762205063099
852,0.01272268592530329,-4.36436858571117
853,0.01270226485523857,-4.365974966359243
854,0.01268187656285187,-4.367581347007314
855,0.01266152099553203,-4.369187727655384
856,0.01264119810075227,-4.370794108303457
857,0.0126209078260703,-4.372400488951526
858,0.01260065011912779,-4.374006869599597
859,0.0125804249276506,-4.375613250247668
860,0.01256023219944841,-4.377219630895741
861,0.0125400718824147,-4.378826011543816
862,0.01251994392452666,-4.380432392191888
863,0.01249984827384487,-4.38203877283996
864,0.01247978487851332,-4.383645153488032
865,0.01245975368675924,-4.385251534136104
866,0.01243975464689296,-4.386857914784176
867,0.01241978770730778,-4.388464295432246
868,0.0123998528164798,-4.390070676080316
869,0.01237994992296785,-4.391677056728387
870,0.0123600789754133,-4.393283437376461
871,0.01234023992254,-4.394889818024533
872,0.0123204327131541,-4.396496198672605
873,0.01230065729614388,-4.398102579320677
874,0.01228091362047967,-4.399708959968751
875,0.01226120163521373,-4.401315340616825
876,0.0122415212894801,-4.402921721264898
877,0.01222187253249446,-4.404528101912969
878,0.01220225531355392,-4.406134482561042
879,0.01218266958203713,-4.407740863209114
880,0.01216311528740388,-4.409347243857183
881,0.01214359237919504,-4.410953624505257
882,0.01212410080703264,-4.412560005153328
883,0.01210464052061942,-4.414166385801399
884,0.01208521146973889,-4.415772766449471
885,0.01206581360425518,-4.417379147097543
886,0.01204644687411287,-4.418985527745618
887,0.01202711122933703,-4.420591908393686
888,0.01200780662003261,-4.42219828904176
889,0.01198853299638501,-4.423804669689829
890,0.0119692903086593,-4.425411050337906
891,0.01195007850720064,-4.427017430985976
892,0.0119308975424337,-4.428623811634046
893,0.01191174736486277,-4.430230192282118
894,0.01189262792507156,-4.431836572930191
895,0.01187353917372319,-4.433442953578264
896,0.01185448106155986,-4.435049334226339
897,0.01183545353940301,-4.436655714874408
898,0.01181645655815278,-4.438262095522478
899,0.01179749006878824,-4.43986847617055
900,0.01177855402236717,-4.441474856818621
901,0.01175964837002582,-4.443081237466694
902,0.01174077306297898,-4.444687618114766
903,0.0117219280525197,-4.446293998762834
904,0.01170311329001912,-4.447900379410906
905,0.01168432872692658,-4.449506760058976
906,0.01166557431476924,-4.451113140707047
907,0.0116468500051521,-4.452719521355118
908,0.01162815574975786,-4.45432590200319
909,0.01160949150034677,-4.45593228265126
910,0.01159085720875645,-4.457538663299331
911,0.01157225282690185,-4.459145043947406
912,0.01155367830677521,-4.460751424595476
913,0.01153513360044565,-4.462357805243549
914,0.01151661866005938,-4.463964185891619
915,0.0114981334378393,-4.46557056653969
916,0.01147967788608508,-4.46717694718776
917,0.01146125195717285,-4.468783327835833
918,0.0114428556035553,-4.470389708483906
919,0.01142448877776137,-4.471996089131981
920,0.01140615143239626,-4.473602469780052
921,0.01138784352014116,-4.475208850428124
922,0.01136956499375325,-4.476815231076196
923,0.01135131580606557,-4.478421611724264
924,0.01133309590998675,-4.480027992372338
925,0.01131490525850115,-4.48163437302041
926,0.01129674380466852,-4.483240753668482
927,0.01127861150162396,-4.484847134316554
928,0.01126050830257783,-4.486453514964625
929,0.01124243416081555,-4.488059895612695
930,0.01122438902969752,-4.489666276260765
931,0.01120637286265898,-4.491272656908837
932,0.01118838561320999,-4.492879037556909
933,0.01117042723493516,-4.494485418204981
934,0.01115249768149362,-4.496091798853055
935,0.0111345969066189,-4.497698179501129
936,0.01111672486411884,-4.499304560149199
937,0.01109888150787527,-4.50091094079727
938,0.01108106679184413,-4.502517321445344
939,0.01106328067005534,-4.504123702093417
940,0.01104552309661248,-4.505730082741491
941,0.01102779402569289,-4.507336463389563
942,0.01101009341154741,-4.508942844037635
943,0.01099242120850036,-4.510549224685704
944,0.01097477737094926,-4.512155605333776
945,0.01095716185336498,-4.513761985981846
946,0.01093957461029136,-4.515368366629916
947,0.01092201559634519,-4.51697474727799
948,0.01090448476621621,-4.518581127926062
949,0.01088698207466682,-4.520187508574133
950,0.01086950747653202,-4.521793889222204
951,0.0108520609267193,-4.523400269870277
952,0.01083464238020861,-4.525006650518348
953,0.01081725179205206,-4.526613031166418
954,0.01079988911737393,-4.528219411814489
955,0.01078255431137058,-4.529825792462559
956,0.01076524732931017,-4.531432173110634
957,0.01074796812653286,-4.533038553758703
958,0.01073071665845026,-4.534644934406775
959,0.0107134928805457,-4.536251315054848
960,0.01069629674837393,-4.53785769570292
961,0.01067912821756103,-4.539464076350992
962,0.0106619872438043,-4.541070456999063
963,0.01064487378287215,-4.542676837647134
964,0.01062778779060399,-4.544283218295205
965,0.01061072922291013,-4.545889598943275
966,0.01059369803577159,-4.547495979591346
967,0.0105766941852401,-4.549102360239419
968,0.01055971762743792,-4.550708740887491
969,0.01054276831855773,-4.552315121535564
970,0.01052584621486253,-4.553921502183638
971,0.01050895127268553,-4.55552788283171
972,0.01049208344843004,-4.55713426347978
973,0.01047524269856927,-4.558740644127852
974,0.01045842897964635,-4.560347024775925
975,0.01044164224827422,-4.561953405423997
976,0.0104248824611354,-4.563559786072065
977,0.01040814957498187,-4.565166166720137
978,0.01039144354663513,-4.566772547368209
979,0.01037476433298596,-4.568378928016282
980,0.01035811189099435,-4.569985308664352
981,0.01034148617768932,-4.571591689312424
982,0.01032488715016888,-4.573198069960497
983,0.01030831476559996,-4.574804450608569
984,0.01029176898121815,-4.576410831256641
985,0.01027524975432779,-4.57801721190471
986,0.01025875704230161,-4.579623592552782
987,0.01024229080258084,-4.581229973200856
988,0.01022585099267511,-4.582836353848927
989,0.01020943757016209,-4.584442734496996
990,0.0101930504926876,-4.586049115145068
991,0.0101766897179655,-4.587655495793137
992,0.0101603552037774,-4.589261876441211
993,0.01014404690797283,-4.590868257089281
994,0.01012776478846888,-4.592474637737349
995,0.01011150880325013,-4.594081018385423
996,0.01009527891036876,-4.595687399033494
997,0.01007907506794414,-4.597293779681567
998,0.01006289723416294,-4.598900160329639
999,0.01004674536727893,-4.600506540977708
1000,0.01003061942561284,-4.60211292162578
