y,y_over_L,ux,ux_over_lid_velocity
-0.5,0,0,0
0,0.00390625,-0.0004914708354676691,-0.004914708354676691
1,0.01171875,-0.001450784725155989,-0.01450784725155989
2,0.01953125,-0.002366572537991943,-0.02366572537991943
3,0.02734375,-0.003245642945214296,-0.03245642945214296
4,0.03515625,-0.004099501791864214,-0.04099501791864214
5,0.04296875,-0.004937065750793577,-0.04937065750793576
6,0.05078125,-0.005766824175964697,-0.05766824175964697
7,0.05859375,-0.006594710030447057,-0.06594710030447057
8,0.06640625,-0.007425884561658253,-0.07425884561658253
9,0.07421875,-0.00826417735425148,-0.0826417735425148
10,0.08203125,-0.009113025729571055,-0.09113025729571055
11,0.08984375,-0.009975186818400929,-0.09975186818400929
12,0.09765625,-0.01085306693260828,-0.1085306693260827
13,0.10546875,-0.01174848424800996,-0.1174848424800996
14,0.11328125,-0.01266273111890831,-0.1266273111890831
15,0.12109375,-0.0135964044265019,-0.135964044265019
16,0.12890625,-0.01454939592363407,-0.1454939592363407
17,0.13671875,-0.01552079565328532,-0.1552079565328532
18,0.14453125,-0.01650888211447199,-0.1650888211447199
19,0.15234375,-0.01751108410694065,-0.1751108410694065
20,0.16015625,-0.0185239918909588,-0.185239918909588
21,0.16796875,-0.01954336525328109,-0.1954336525328109
22,0.17578125,-0.02056417394580664,-0.2056417394580664
23,0.18359375,-0.0215806470472314,-0.215806470472314
24,0.19140625,-0.02258634738211947,-0.2258634738211947
25,0.19921875,-0.0235742601060095,-0.235742601060095
26,0.20703125,-0.02453690214250303,-0.2453690214250303
27,0.21484375,-0.02546644643963054,-0.2546644643963054
28,0.22265625,-0.02635486267939765,-0.2635486267939764
29,0.23046875,-0.02719406967930786,-0.2719406967930786
30,0.23828125,-0.02797609799754342,-0.2797609799754341
31,0.24609375,-0.02869325760989284,-0.2869325760989284
32,0.25390625,-0.029338307017746,-0.29338307017746
33,0.26171875,-0.02990461781975774,-0.2990461781975774
34,0.26953125,-0.03038632985613278,-0.3038632985613278
35,0.27734375,-0.03077849059612221,-0.3077849059612221
36,0.28515625,-0.03107717384861863,-0.3107717384861862
37,0.29296875,-0.03127957224248936,-0.3127957224248936
38,0.30078125,-0.03138405996329826,-0.3138405996329826
39,0.30859375,-0.03139022228334986,-0.3139022228334986
40,0.31640625,-0.03129885099685781,-0.3129885099685781
41,0.32421875,-0.03111190530119813,-0.3111190530119813
42,0.33203125,-0.03083244039699676,-0.3083244039699676
43,0.33984375,-0.03046450645268662,-0.3046450645268662
44,0.34765625,-0.03001302299722065,-0.3001302299722065
45,0.35546875,-0.02948363371472972,-0.2948363371472972
46,0.36328125,-0.02888254835630293,-0.2888254835630293
47,0.37109375,-0.02821637770687901,-0.2821637770687901
48,0.37890625,-0.02749196848261618,-0.2749196848261617
49,0.38671875,-0.02671624359232445,-0.2671624359232445
50,0.39453125,-0.02589605345039748,-0.2589605345039748
51,0.40234375,-0.02503804214944483,-0.2503804214944483
52,0.41015625,-0.02414853215325841,-0.2414853215325841
53,0.41796875,-0.02323342917293727,-0.2323342917293726
54,0.42578125,-0.02229814865696525,-0.2229814865696525
55,0.43359375,-0.02134756350000147,-0.2134756350000147
56,0.44140625,-0.02038597250428998,-0.2038597250428998
57,0.44921875,-0.01941708765679005,-0.1941708765679004
58,0.45703125,-0.01844403849871248,-0.1844403849871248
59,0.46484375,-0.01746939080539158,-0.1746939080539158
60,0.47265625,-0.01649517729794576,-0.1649517729794576
61,0.48046875,-0.01552293741807925,-0.1552293741807925
62,0.48828125,-0.01455376391712268,-0.1455376391712268
63,0.49609375,-0.0135883535916834,-0.135883535916834
64,0.50390625,-0.01262706032838294,-0.1262706032838294
65,0.51171875,-0.01166994836546014,-0.1166994836546014
66,0.51953125,-0.01071684451767229,-0.1071684451767229
67,0.52734375,-0.009767387931988267,-0.09767387931988267
68,0.53515625,-0.008821076712019628,-0.08821076712019628
69,0.54296875,-0.007877310588047349,-0.07877310588047348
70,0.55078125,-0.006935429464503382,-0.06935429464503381
71,0.55859375,-0.005994747507854951,-0.05994747507854951
72,0.56640625,-0.005054582955906039,-0.05054582955906039
73,0.57421875,-0.004114283649004133,-0.04114283649004133
74,0.58203125,-0.003173248662867188,-0.03173248662867188
75,0.58984375,-0.002230946244959111,-0.02230946244959111
76,0.59765625,-0.001286928500821473,-0.01286928500821473
77,0.60546875,-0.0003408431223903778,-0.003408431223903778
78,0.61328125,0.00060755742478211,0.0060755742478211
79,0.62109375,0.001558408948042918,0.01558408948042918
80,0.62890625,0.002511730490550203,0.02511730490550203
81,0.63671875,0.003467420928378691,0.03467420928378691
82,0.64453125,0.00442525701296917,0.0442525701296917
83,0.65234375,0.005384892622727249,0.05384892622727248
84,0.66015625,0.006345859178847733,0.06345859178847733
85,0.66796875,0.007307567016634867,0.07307567016634867
86,0.67578125,0.008269307806805104,0.08269307806805103
87,0.68359375,0.009230257842180112,0.09230257842180112
88,0.69140625,0.01018948240057924,0.1018948240057924
89,0.69921875,0.01114594098722912,0.1114594098722912
90,0.70703125,0.01209849380398218,0.1209849380398218
91,0.71484375,0.01304590923491837,0.1304590923491837
92,0.72265625,0.01398687283143829,0.1398687283143829
93,0.73046875,0.01491999763242938,0.1491999763242938
94,0.73828125,0.01584383660000672,0.1584383660000672
95,0.74609375,0.01675689718692938,0.1675689718692938
96,0.75390625,0.01765765945013794,0.1765765945013794
97,0.76171875,0.01854459841613871,0.1854459841613871
98,0.76953125,0.01941621355502927,0.1941621355502927
99,0.77734375,0.02027106771071133,0.2027106771071133
100,0.78515625,0.02110784152831977,0.2110784152831977
101,0.79296875,0.02192540928649181,0.2192540928649181
102,0.80078125,0.02272294830306197,0.2272294830306197
103,0.80859375,0.02350009419783808,0.2350009419783808
104,0.81640625,0.02425716465659225,0.2425716465659224
105,0.82421875,0.02499547271771479,0.2499547271771479
106,0.83203125,0.02571776642053445,0.2571776642053444
107,0.83984375,0.02642882196151033,0.2642882196151032
108,0.84765625,0.02713623933333741,0.271362393333374
109,0.85546875,0.02785145562286119,0.2785145562286119
110,0.86328125,0.02859102034569135,0.2859102034569135
111,0.87109375,0.02937808704901797,0.2937808704901796
112,0.87890625,0.03024412298590695,0.3024412298590695
113,0.88671875,0.03123063621964941,0.3123063621964941
114,0.89453125,0.03239083401105418,0.3239083401105418
115,0.90234375,0.03379072091517548,0.3379072091517548
116,0.91015625,0.03550947521452973,0.3550947521452972
117,0.91796875,0.03763817848008177,0.3763817848008176
118,0.92578125,0.04027689009257424,0.4027689009257424
119,0.93359375,0.04352861470289476,0.4352861470289476
120,0.94140625,0.04749102520599425,0.4749102520599425
121,0.94921875,0.05224388192563904,0.5224388192563904
122,0.95703125,0.05783544136162895,0.5783544136162895
123,0.96484375,0.06426467016201001,0.6426467016201001
124,0.97265625,0.07146780771041908,0.7146780771041907
125,0.98046875,0.07930266663739784,0.7930266663739783
126,0.98828125,0.08754952994105165,0.8754952994105165
127,0.99609375,0.09591179850113241,0.9591179850113241
127.5,1,0.1,1
